<?xml version='1.0' encoding='utf-8'?>
<!DOCTYPE hibernate-configuration PUBLIC
        "-//Hibernate/Hibernate Configuration DTD//EN"
        "http://hibernate.sourceforge.net/hibernate-configuration-3.0.dtd">
<hibernate-configuration>
    <session-factory>
        <property name="jdbc.batch_size">30</property>
        <property name="connection.url">jdbc:sqlserver://10.1.0.234:1433;DatabaseName=BMU</property>
        <property name="connection.driver_class">com.microsoft.sqlserver.jdbc.SQLServerDriver</property>
        <property name="connection.username">bill</property>
        <property name="connection.password">gtaoadmin</property>
        <!-- DB schema will be updated if needed -->
        <!-- <property name="hbm2ddl.auto">update</property> -->
        <property name="dialect">org.hibernate.dialect.SQLServerDialect</property>
        <property name="show_sql">true</property>
        <mapping resource="com/bill/pojo/BillSys_User.hbm.xml"/>
        <mapping class="com.bill.pojo.BillSys_User"/>
        <mapping resource="com/bill/pojo/gtao_Phone_MIME.hbm.xml"/>
        <mapping class="com.bill.pojo.gtao_Phone_MIME"/>
        <mapping resource="com/bill/pojo/gtao_Phone_bc_sale.hbm.xml"/>
        <mapping class="com.bill.pojo.gtao_Phone_bc_sale"/>
        <mapping resource="com/bill/pojo/gtao_Phone_User.hbm.xml"/>
        <mapping class="com.bill.pojo.gtao_Phone_User"/>
        <mapping resource="com/bill/pojo/gtao_phone_profile.hbm.xml"/>
        <mapping class="com.bill.pojo.gtao_phone_profile"/>
        <mapping resource="com/bill/pojo/gtao_phone_celue.hbm.xml"/>
        <mapping class="com.bill.pojo.gtao_phone_celue"/>
        <mapping resource="com/bill/pojo/gtao_phone_group.hbm.xml"/>
        <mapping class="com.bill.pojo.gtao_phone_group"/>
    </session-factory>
</hibernate-configuration>