<?xml version='1.0' encoding='utf-8'?>
<!DOCTYPE hibernate-configuration PUBLIC
        "-//Hibernate/Hibernate Configuration DTD//EN"
        "http://hibernate.sourceforge.net/hibernate-configuration-3.0.dtd">
<hibernate-configuration>
    <session-factory>
        <property name="connection.url">jdbc:oracle:thin:@10.0.1.128:1521:radius</property>
        <property name="connection.driver_class">oracle.jdbc.OracleDriver</property>
        <property name="connection.username">mydradius</property>
        <property name="connection.password">mydradius</property>
        <!-- DB schema will be updated if needed -->
        <!-- <property name="hbm2ddl.auto">update</property> -->
        <property name="dialect">org.hibernate.dialect.Oracle10gDialect</property>
        <property name="show_sql">true</property>
    </session-factory>
</hibernate-configuration>