<?xml version="1.0"?>
<!DOCTYPE hibernate-mapping PUBLIC
        "-//Hibernate/Hibernate Mapping DTD 3.0//EN"
        "http://hibernate.sourceforge.net/hibernate-mapping-3.0.dtd">

<hibernate-mapping>
    <class name="com.bill.pojo.BillSys_User">
        <id name="id" type="java.lang.Integer">
            <generator class="identity"/>
        </id>
        <property name="username" type="java.lang.String"/>
        <property name="password" type="java.lang.String"/>
        <property name="level" type="java.lang.Integer"/>
    </class>
</hibernate-mapping>