<?xml version="1.0"?>
<!DOCTYPE hibernate-mapping PUBLIC
        "-//Hibernate/Hibernate Mapping DTD 3.0//EN"
        "http://hibernate.sourceforge.net/hibernate-mapping-3.0.dtd">

<hibernate-mapping>
    <class name="com.bill.pojo.gtao_phone_group">
        <id name="id" type="java.lang.Integer">
            <generator class="identity"/>
        </id>
        <property name="userGroup" type="java.lang.String"/>
        <property name="celueTbl" type="java.lang.String"/>
        <property name="groupDetail" type="java.lang.String"/>
    </class>
</hibernate-mapping>